Partner,Partner ID,ZIP Code
WNY STEM Hub,71,14737
WNY STEM Hub,71,14770
WNY STEM Hub,71,14774
WNY STEM Hub,71,14437
WNY STEM Hub,71,14708
WNY STEM Hub,71,14060
WNY STEM Hub,71,14065
WNY STEM Hub,71,14744
WNY STEM Hub,71,14711
WNY STEM Hub,71,14029
WNY STEM Hub,71,14786
WNY STEM Hub,71,14880
WNY STEM Hub,71,14895
WNY STEM Hub,71,14822
WNY STEM Hub,71,14804
WNY STEM Hub,71,14807
WNY STEM Hub,71,14897
WNY STEM Hub,71,14802
WNY STEM Hub,71,14813
WNY STEM Hub,71,14777
WNY STEM Hub,71,14727
WNY STEM Hub,71,14717
WNY STEM Hub,71,14024
WNY STEM Hub,71,14754
WNY STEM Hub,71,14739
WNY STEM Hub,71,14715
WNY STEM Hub,71,14836
WNY STEM Hub,71,14735
WNY STEM Hub,71,14745
WNY STEM Hub,71,14714
WNY STEM Hub,71,14709
WNY STEM Hub,71,14803
WNY STEM Hub,71,14721
WNY STEM Hub,71,14884
WNY STEM Hub,71,14843
WNY STEM Hub,71,14707
WNY STEM Hub,71,14846
WNY STEM Hub,71,14806
WNY STEM Hub,71,14536
WNY STEM Hub,71,14060
WNY STEM Hub,71,14730
WNY STEM Hub,71,14737
WNY STEM Hub,71,14141
WNY STEM Hub,71,14747
WNY STEM Hub,71,14727
WNY STEM Hub,71,14065
WNY STEM Hub,71,14168
WNY STEM Hub,71,14171
WNY STEM Hub,71,14719
WNY STEM Hub,71,14030
WNY STEM Hub,71,14129
WNY STEM Hub,71,14041
WNY STEM Hub,71,14743
WNY STEM Hub,71,14731
WNY STEM Hub,71,14133
WNY STEM Hub,71,14753
WNY STEM Hub,71,14766
WNY STEM Hub,71,14779
WNY STEM Hub,71,14788
WNY STEM Hub,71,14748
WNY STEM Hub,71,14783
WNY STEM Hub,71,14770
WNY STEM Hub,71,14741
WNY STEM Hub,71,14729
WNY STEM Hub,71,14042
WNY STEM Hub,71,14738
WNY STEM Hub,71,14706
WNY STEM Hub,71,14081
WNY STEM Hub,71,14726
WNY STEM Hub,71,14138
WNY STEM Hub,71,14755
WNY STEM Hub,71,14101
WNY STEM Hub,71,14070
WNY STEM Hub,71,14009
WNY STEM Hub,71,14173
WNY STEM Hub,71,14772
WNY STEM Hub,71,14760
WNY STEM Hub,71,14778
WNY STEM Hub,71,14751
WNY STEM Hub,71,13021
WNY STEM Hub,71,13113
WNY STEM Hub,71,13022
WNY STEM Hub,71,13147
WNY STEM Hub,71,13033
WNY STEM Hub,71,13071
WNY STEM Hub,71,13143
WNY STEM Hub,71,13034
WNY STEM Hub,71,13139
WNY STEM Hub,71,13118
WNY STEM Hub,71,13160
WNY STEM Hub,71,14882
WNY STEM Hub,71,13166
WNY STEM Hub,71,13092
WNY STEM Hub,71,13152
WNY STEM Hub,71,13064
WNY STEM Hub,71,13081
WNY STEM Hub,71,13024
WNY STEM Hub,71,13027
WNY STEM Hub,71,13073
WNY STEM Hub,71,13080
WNY STEM Hub,71,13026
WNY STEM Hub,71,13156
WNY STEM Hub,71,13045
WNY STEM Hub,71,13140
WNY STEM Hub,71,13117
WNY STEM Hub,71,14750
WNY STEM Hub,71,14136
WNY STEM Hub,71,14720
WNY STEM Hub,71,14728
WNY STEM Hub,71,14732
WNY STEM Hub,71,14757
WNY STEM Hub,71,14138
WNY STEM Hub,71,14736
WNY STEM Hub,71,14740
WNY STEM Hub,71,14724
WNY STEM Hub,71,14081
WNY STEM Hub,71,14733
WNY STEM Hub,71,14166
WNY STEM Hub,71,14135
WNY STEM Hub,71,14747
WNY STEM Hub,71,14701
WNY STEM Hub,71,14726
WNY STEM Hub,71,14785
WNY STEM Hub,71,14775
WNY STEM Hub,71,14782
WNY STEM Hub,71,14767
WNY STEM Hub,71,14769
WNY STEM Hub,71,14784
WNY STEM Hub,71,14742
WNY STEM Hub,71,14702
WNY STEM Hub,71,14738
WNY STEM Hub,71,14063
WNY STEM Hub,71,14062
WNY STEM Hub,71,14756
WNY STEM Hub,71,14710
WNY STEM Hub,71,14718
WNY STEM Hub,71,14758
WNY STEM Hub,71,14752
WNY STEM Hub,71,14723
WNY STEM Hub,71,14787
WNY STEM Hub,71,14048
WNY STEM Hub,71,14712
WNY STEM Hub,71,14781
WNY STEM Hub,71,14722
WNY STEM Hub,71,14716
WNY STEM Hub,71,14871
WNY STEM Hub,71,14812
WNY STEM Hub,71,14904
WNY STEM Hub,71,14816
WNY STEM Hub,71,14845
WNY STEM Hub,71,14830
WNY STEM Hub,71,14892
WNY STEM Hub,71,14861
WNY STEM Hub,71,14805
WNY STEM Hub,71,14859
WNY STEM Hub,71,14903
WNY STEM Hub,71,14905
WNY STEM Hub,71,14901
WNY STEM Hub,71,14814
WNY STEM Hub,71,14824
WNY STEM Hub,71,14864
WNY STEM Hub,71,14825
WNY STEM Hub,71,14872
WNY STEM Hub,71,14925
WNY STEM Hub,71,14894
WNY STEM Hub,71,14889
WNY STEM Hub,71,14838
WNY STEM Hub,71,14902
WNY STEM Hub,71,13835
WNY STEM Hub,71,13784
WNY STEM Hub,71,13158
WNY STEM Hub,71,13159
WNY STEM Hub,71,13738
WNY STEM Hub,71,13087
WNY STEM Hub,71,13077
WNY STEM Hub,71,13045
WNY STEM Hub,71,13101
WNY STEM Hub,71,13053
WNY STEM Hub,71,13056
WNY STEM Hub,71,13141
WNY STEM Hub,71,14055
WNY STEM Hub,71,14038
WNY STEM Hub,71,14037
WNY STEM Hub,71,14032
WNY STEM Hub,71,14061
WNY STEM Hub,71,14068
WNY STEM Hub,71,14059
WNY STEM Hub,71,14006
WNY STEM Hub,71,14026
WNY STEM Hub,71,14027
WNY STEM Hub,71,14030
WNY STEM Hub,71,14031
WNY STEM Hub,71,14081
WNY STEM Hub,71,14205
WNY STEM Hub,71,14212
WNY STEM Hub,71,14069
WNY STEM Hub,71,14111
WNY STEM Hub,71,14214
WNY STEM Hub,71,14141
WNY STEM Hub,71,14208
WNY STEM Hub,71,14213
WNY STEM Hub,71,14207
WNY STEM Hub,71,14070
WNY STEM Hub,71,14085
WNY STEM Hub,71,14204
WNY STEM Hub,71,14202
WNY STEM Hub,71,14072
WNY STEM Hub,71,14080
WNY STEM Hub,71,14140
WNY STEM Hub,71,14150
WNY STEM Hub,71,14091
WNY STEM Hub,71,14203
WNY STEM Hub,71,14127
WNY STEM Hub,71,14170
WNY STEM Hub,71,14263
WNY STEM Hub,71,14261
WNY STEM Hub,71,14220
WNY STEM Hub,71,14272
WNY STEM Hub,71,14224
WNY STEM Hub,71,14215
WNY STEM Hub,71,14265
WNY STEM Hub,71,14221
WNY STEM Hub,71,14240
WNY STEM Hub,71,14228
WNY STEM Hub,71,14206
WNY STEM Hub,71,14047
WNY STEM Hub,71,14264
WNY STEM Hub,71,14223
WNY STEM Hub,71,14209
WNY STEM Hub,71,14280
WNY STEM Hub,71,14057
WNY STEM Hub,71,14226
WNY STEM Hub,71,14260
WNY STEM Hub,71,14075
WNY STEM Hub,71,14010
WNY STEM Hub,71,14034
WNY STEM Hub,71,14211
WNY STEM Hub,71,14233
WNY STEM Hub,71,14276
WNY STEM Hub,71,14004
WNY STEM Hub,71,14052
WNY STEM Hub,71,14033
WNY STEM Hub,71,14169
WNY STEM Hub,71,14210
WNY STEM Hub,71,14035
WNY STEM Hub,71,14145
WNY STEM Hub,71,14139
WNY STEM Hub,71,14001
WNY STEM Hub,71,14151
WNY STEM Hub,71,14013
WNY STEM Hub,71,14086
WNY STEM Hub,71,14273
WNY STEM Hub,71,14241
WNY STEM Hub,71,14110
WNY STEM Hub,71,14201
WNY STEM Hub,71,14134
WNY STEM Hub,71,14051
WNY STEM Hub,71,14269
WNY STEM Hub,71,14102
WNY STEM Hub,71,14112
WNY STEM Hub,71,14043
WNY STEM Hub,71,14225
WNY STEM Hub,71,14216
WNY STEM Hub,71,14217
WNY STEM Hub,71,14218
WNY STEM Hub,71,14267
WNY STEM Hub,71,14219
WNY STEM Hub,71,14222
WNY STEM Hub,71,14227
WNY STEM Hub,71,14231
WNY STEM Hub,71,14025
WNY STEM Hub,71,14270
WNY STEM Hub,71,14054
WNY STEM Hub,71,14036
WNY STEM Hub,71,14004
WNY STEM Hub,71,14422
WNY STEM Hub,71,14482
WNY STEM Hub,71,14591
WNY STEM Hub,71,14011
WNY STEM Hub,71,14525
WNY STEM Hub,71,14428
WNY STEM Hub,71,14058
WNY STEM Hub,71,14013
WNY STEM Hub,71,14105
WNY STEM Hub,71,14020
WNY STEM Hub,71,14001
WNY STEM Hub,71,14040
WNY STEM Hub,71,14005
WNY STEM Hub,71,14143
WNY STEM Hub,71,14416
WNY STEM Hub,71,14557
WNY STEM Hub,71,14125
WNY STEM Hub,71,14056
WNY STEM Hub,71,14021
WNY STEM Hub,71,14103
WNY STEM Hub,71,14485
WNY STEM Hub,71,14437
WNY STEM Hub,71,14536
WNY STEM Hub,71,14510
WNY STEM Hub,71,14435
WNY STEM Hub,71,14822
WNY STEM Hub,71,14525
WNY STEM Hub,71,14454
WNY STEM Hub,71,14545
WNY STEM Hub,71,14572
WNY STEM Hub,71,14466
WNY STEM Hub,71,14592
WNY STEM Hub,71,14560
WNY STEM Hub,71,14488
WNY STEM Hub,71,14530
WNY STEM Hub,71,14533
WNY STEM Hub,71,14487
WNY STEM Hub,71,14517
WNY STEM Hub,71,14481
WNY STEM Hub,71,14539
WNY STEM Hub,71,14482
WNY STEM Hub,71,14472
WNY STEM Hub,71,14414
WNY STEM Hub,71,14480
WNY STEM Hub,71,14846
WNY STEM Hub,71,14462
WNY STEM Hub,71,14423
WNY STEM Hub,71,14486
WNY STEM Hub,71,14558
WNY STEM Hub,71,14556
WNY STEM Hub,71,14836
WNY STEM Hub,71,14410
WNY STEM Hub,71,14414
WNY STEM Hub,71,14428
WNY STEM Hub,71,14543
WNY STEM Hub,71,14445
WNY STEM Hub,71,14580
WNY STEM Hub,71,14610
WNY STEM Hub,71,14506
WNY STEM Hub,71,14511
WNY STEM Hub,71,14612
WNY STEM Hub,71,14559
WNY STEM Hub,71,14611
WNY STEM Hub,71,14464
WNY STEM Hub,71,14546
WNY STEM Hub,71,14602
WNY STEM Hub,71,14508
WNY STEM Hub,71,14606
WNY STEM Hub,71,14564
WNY STEM Hub,71,14605
WNY STEM Hub,71,14526
WNY STEM Hub,71,14502
WNY STEM Hub,71,14467
WNY STEM Hub,71,14514
WNY STEM Hub,71,14450
WNY STEM Hub,71,14651
WNY STEM Hub,71,14647
WNY STEM Hub,71,14615
WNY STEM Hub,71,14626
WNY STEM Hub,71,14619
WNY STEM Hub,71,14645
WNY STEM Hub,71,14642
WNY STEM Hub,71,14639
WNY STEM Hub,71,14616
WNY STEM Hub,71,14618
WNY STEM Hub,71,14650
WNY STEM Hub,71,14625
WNY STEM Hub,71,14646
WNY STEM Hub,71,14644
WNY STEM Hub,71,14627
WNY STEM Hub,71,14692
WNY STEM Hub,71,14620
WNY STEM Hub,71,14617
WNY STEM Hub,71,14515
WNY STEM Hub,71,14664
WNY STEM Hub,71,14607
WNY STEM Hub,71,14608
WNY STEM Hub,71,14621
WNY STEM Hub,71,14586
WNY STEM Hub,71,14420
WNY STEM Hub,71,14603
WNY STEM Hub,71,14476
WNY STEM Hub,71,14623
WNY STEM Hub,71,14472
WNY STEM Hub,71,14673
WNY STEM Hub,71,14534
WNY STEM Hub,71,14468
WNY STEM Hub,71,14609
WNY STEM Hub,71,14482
WNY STEM Hub,71,14613
WNY STEM Hub,71,14416
WNY STEM Hub,71,14652
WNY STEM Hub,71,14649
WNY STEM Hub,71,14653
WNY STEM Hub,71,14694
WNY STEM Hub,71,14604
WNY STEM Hub,71,14643
WNY STEM Hub,71,14622
WNY STEM Hub,71,14624
WNY STEM Hub,71,14683
WNY STEM Hub,71,14614
WNY STEM Hub,71,14430
WNY STEM Hub,71,14638
WNY STEM Hub,71,14132
WNY STEM Hub,71,14131
WNY STEM Hub,71,14107
WNY STEM Hub,71,14302
WNY STEM Hub,71,14028
WNY STEM Hub,71,14105
WNY STEM Hub,71,14301
WNY STEM Hub,71,14109
WNY STEM Hub,71,14108
WNY STEM Hub,71,14120
WNY STEM Hub,71,14095
WNY STEM Hub,71,14092
WNY STEM Hub,71,14008
WNY STEM Hub,71,14144
WNY STEM Hub,71,14174
WNY STEM Hub,71,14305
WNY STEM Hub,71,14094
WNY STEM Hub,71,14172
WNY STEM Hub,71,14001
WNY STEM Hub,71,14303
WNY STEM Hub,71,14067
WNY STEM Hub,71,14126
WNY STEM Hub,71,14304
WNY STEM Hub,71,14012
WNY STEM Hub,71,14032
WNY STEM Hub,71,13057
WNY STEM Hub,71,13029
WNY STEM Hub,71,13051
WNY STEM Hub,71,13041
WNY STEM Hub,71,13063
WNY STEM Hub,71,13039
WNY STEM Hub,71,13027
WNY STEM Hub,71,13201
WNY STEM Hub,71,13205
WNY STEM Hub,71,13089
WNY STEM Hub,71,13077
WNY STEM Hub,71,13204
WNY STEM Hub,71,13207
WNY STEM Hub,71,13108
WNY STEM Hub,71,13080
WNY STEM Hub,71,13211
WNY STEM Hub,71,13084
WNY STEM Hub,71,13141
WNY STEM Hub,71,13137
WNY STEM Hub,71,13116
WNY STEM Hub,71,13153
WNY STEM Hub,71,13088
WNY STEM Hub,71,13112
WNY STEM Hub,71,13090
WNY STEM Hub,71,13209
WNY STEM Hub,71,13224
WNY STEM Hub,71,13221
WNY STEM Hub,71,13261
WNY STEM Hub,71,13219
WNY STEM Hub,71,13217
WNY STEM Hub,71,13250
WNY STEM Hub,71,13290
WNY STEM Hub,71,13218
WNY STEM Hub,71,13212
WNY STEM Hub,71,13210
WNY STEM Hub,71,13203
WNY STEM Hub,71,13202
WNY STEM Hub,71,13206
WNY STEM Hub,71,13152
WNY STEM Hub,71,13120
WNY STEM Hub,71,13119
WNY STEM Hub,71,13215
WNY STEM Hub,71,13164
WNY STEM Hub,71,13060
WNY STEM Hub,71,13110
WNY STEM Hub,71,13252
WNY STEM Hub,71,13214
WNY STEM Hub,71,13166
WNY STEM Hub,71,13220
WNY STEM Hub,71,13159
WNY STEM Hub,71,13078
WNY STEM Hub,71,13251
WNY STEM Hub,71,13244
WNY STEM Hub,71,13158
WNY STEM Hub,71,13066
WNY STEM Hub,71,13208
WNY STEM Hub,71,13138
WNY STEM Hub,71,13020
WNY STEM Hub,71,13235
WNY STEM Hub,71,13225
WNY STEM Hub,71,13031
WNY STEM Hub,71,14512
WNY STEM Hub,71,14487
WNY STEM Hub,71,14463
WNY STEM Hub,71,14469
WNY STEM Hub,71,14489
WNY STEM Hub,71,14513
WNY STEM Hub,71,14518
WNY STEM Hub,71,14443
WNY STEM Hub,71,14475
WNY STEM Hub,71,14425
WNY STEM Hub,71,14471
WNY STEM Hub,71,14532
WNY STEM Hub,71,14560
WNY STEM Hub,71,14548
WNY STEM Hub,71,14522
WNY STEM Hub,71,14424
WNY STEM Hub,71,14485
WNY STEM Hub,71,14585
WNY STEM Hub,71,14432
WNY STEM Hub,71,14461
WNY STEM Hub,71,14472
WNY STEM Hub,71,14561
WNY STEM Hub,71,14564
WNY STEM Hub,71,14534
WNY STEM Hub,71,14453
WNY STEM Hub,71,14537
WNY STEM Hub,71,14544
WNY STEM Hub,71,14456
WNY STEM Hub,71,14504
WNY STEM Hub,71,14547
WNY STEM Hub,71,14466
WNY STEM Hub,71,14105
WNY STEM Hub,71,14103
WNY STEM Hub,71,14477
WNY STEM Hub,71,14422
WNY STEM Hub,71,14098
WNY STEM Hub,71,14416
WNY STEM Hub,71,14411
WNY STEM Hub,71,14125
WNY STEM Hub,71,14429
WNY STEM Hub,71,14479
WNY STEM Hub,71,14420
WNY STEM Hub,71,14452
WNY STEM Hub,71,14470
WNY STEM Hub,71,14476
WNY STEM Hub,71,14571
WNY STEM Hub,71,14058
WNY STEM Hub,71,14893
WNY STEM Hub,71,14886
WNY STEM Hub,71,14805
WNY STEM Hub,71,14824
WNY STEM Hub,71,14815
WNY STEM Hub,71,14863
WNY STEM Hub,71,14845
WNY STEM Hub,71,14841
WNY STEM Hub,71,14878
WNY STEM Hub,71,14837
WNY STEM Hub,71,14864
WNY STEM Hub,71,14891
WNY STEM Hub,71,14840
WNY STEM Hub,71,14889
WNY STEM Hub,71,14865
WNY STEM Hub,71,14812
WNY STEM Hub,71,14869
WNY STEM Hub,71,14887
WNY STEM Hub,71,14876
WNY STEM Hub,71,14838
WNY STEM Hub,71,14818
WNY STEM Hub,71,14870
WNY STEM Hub,71,13148
WNY STEM Hub,71,13165
WNY STEM Hub,71,14541
WNY STEM Hub,71,14860
WNY STEM Hub,71,14532
WNY STEM Hub,71,14886
WNY STEM Hub,71,14588
WNY STEM Hub,71,14489
WNY STEM Hub,71,14456
WNY STEM Hub,71,14841
WNY STEM Hub,71,14521
WNY STEM Hub,71,13065
WNY STEM Hub,71,14433
WNY STEM Hub,71,13146
WNY STEM Hub,71,14847
WNY STEM Hub,71,14803
WNY STEM Hub,71,14512
WNY STEM Hub,71,14801
WNY STEM Hub,71,14437
WNY STEM Hub,71,14898
WNY STEM Hub,71,14821
WNY STEM Hub,71,14815
WNY STEM Hub,71,14826
WNY STEM Hub,71,14839
WNY STEM Hub,71,14879
WNY STEM Hub,71,14843
WNY STEM Hub,71,14877
WNY STEM Hub,71,14856
WNY STEM Hub,71,14858
WNY STEM Hub,71,14871
WNY STEM Hub,71,14808
WNY STEM Hub,71,14809
WNY STEM Hub,71,14529
WNY STEM Hub,71,14814
WNY STEM Hub,71,14807
WNY STEM Hub,71,14855
WNY STEM Hub,71,14806
WNY STEM Hub,71,14831
WNY STEM Hub,71,14418
WNY STEM Hub,71,14837
WNY STEM Hub,71,14572
WNY STEM Hub,71,14823
WNY STEM Hub,71,14873
WNY STEM Hub,71,14819
WNY STEM Hub,71,14870
WNY STEM Hub,71,14812
WNY STEM Hub,71,14810
WNY STEM Hub,71,14840
WNY STEM Hub,71,14897
WNY STEM Hub,71,14820
WNY STEM Hub,71,14830
WNY STEM Hub,71,14827
WNY STEM Hub,71,14874
WNY STEM Hub,71,14885
WNY STEM Hub,71,13812
WNY STEM Hub,71,13864
WNY STEM Hub,71,13840
WNY STEM Hub,71,13734
WNY STEM Hub,71,14817
WNY STEM Hub,71,14889
WNY STEM Hub,71,14883
WNY STEM Hub,71,13743
WNY STEM Hub,71,13827
WNY STEM Hub,71,14892
WNY STEM Hub,71,13732
WNY STEM Hub,71,13845
WNY STEM Hub,71,14859
WNY STEM Hub,71,13045
WNY STEM Hub,71,14854
WNY STEM Hub,71,13068
WNY STEM Hub,71,14883
WNY STEM Hub,71,14851
WNY STEM Hub,71,14882
WNY STEM Hub,71,14853
WNY STEM Hub,71,13864
WNY STEM Hub,71,14886
WNY STEM Hub,71,13092
WNY STEM Hub,71,14850
WNY STEM Hub,71,14817
WNY STEM Hub,71,13053
WNY STEM Hub,71,13073
WNY STEM Hub,71,14881
WNY STEM Hub,71,14852
WNY STEM Hub,71,13102
WNY STEM Hub,71,14867
WNY STEM Hub,71,13062
WNY STEM Hub,71,13143
WNY STEM Hub,71,14520
WNY STEM Hub,71,13148
WNY STEM Hub,71,14513
WNY STEM Hub,71,14522
WNY STEM Hub,71,14551
WNY STEM Hub,71,14538
WNY STEM Hub,71,14505
WNY STEM Hub,71,13154
WNY STEM Hub,71,14542
WNY STEM Hub,71,14489
WNY STEM Hub,71,14502
WNY STEM Hub,71,14590
WNY STEM Hub,71,14568
WNY STEM Hub,71,14413
WNY STEM Hub,71,14516
WNY STEM Hub,71,14450
WNY STEM Hub,71,14563
WNY STEM Hub,71,14519
WNY STEM Hub,71,14564
WNY STEM Hub,71,14433
WNY STEM Hub,71,14580
WNY STEM Hub,71,13156
WNY STEM Hub,71,14555
WNY STEM Hub,71,13146
WNY STEM Hub,71,14432
WNY STEM Hub,71,14449
WNY STEM Hub,71,14589
WNY STEM Hub,71,14082
WNY STEM Hub,71,14011
WNY STEM Hub,71,14004
WNY STEM Hub,71,14040
WNY STEM Hub,71,14569
WNY STEM Hub,71,14591
WNY STEM Hub,71,14009
WNY STEM Hub,71,14549
WNY STEM Hub,71,14039
WNY STEM Hub,71,14113
WNY STEM Hub,71,14054
WNY STEM Hub,71,14536
WNY STEM Hub,71,14525
WNY STEM Hub,71,14083
WNY STEM Hub,71,14024
WNY STEM Hub,71,14735
WNY STEM Hub,71,14066
WNY STEM Hub,71,14167
WNY STEM Hub,71,14145
WNY STEM Hub,71,14130
WNY STEM Hub,71,14481
WNY STEM Hub,71,14037
WNY STEM Hub,71,14530
WNY STEM Hub,71,14550
WNY STEM Hub,71,14030
WNY STEM Hub,71,14427
WNY STEM Hub,71,14456
WNY STEM Hub,71,14527
WNY STEM Hub,71,14507
WNY STEM Hub,71,14878
WNY STEM Hub,71,14857
WNY STEM Hub,71,14512
WNY STEM Hub,71,14561
WNY STEM Hub,71,14478
WNY STEM Hub,71,14441
WNY STEM Hub,71,14418
WNY STEM Hub,71,14544
WNY STEM Hub,71,14837
WNY STEM Hub,71,14842
WNY STEM Hub,71,14415
Mouse,28,12046
Mouse,28,12083
Mouse,28,12085
Mouse,28,12201
Mouse,28,12203
Mouse,28,12055
Mouse,28,12204
Mouse,28,12023
Mouse,28,12087
Mouse,28,12205
Mouse,28,12110
Mouse,28,12009
Mouse,28,12202
Mouse,28,12189
Mouse,28,12053
Mouse,28,12159
Mouse,28,12054
Mouse,28,12084
Mouse,28,12045
Mouse,28,12229
Mouse,28,12230
Mouse,28,12243
Mouse,28,12248
Mouse,28,12239
Mouse,28,12227
Mouse,28,12238
Mouse,28,12208
Mouse,28,12222
Mouse,28,12245
Mouse,28,12246
Mouse,28,12240
Mouse,28,12233
Mouse,28,12210
Mouse,28,12241
Mouse,28,12236
Mouse,28,12224
Mouse,28,12469
Mouse,28,12306
Mouse,28,12309
Mouse,28,12261
Mouse,28,12255
Mouse,28,12257
Mouse,28,12460
Mouse,28,12304
Mouse,28,12288
Mouse,28,12260
Mouse,28,12059
Mouse,28,12067
Mouse,28,12250
Mouse,28,12244
Mouse,28,12223
Mouse,28,12232
Mouse,28,12242
Mouse,28,12007
Mouse,28,12186
Mouse,28,12247
Mouse,28,12235
Mouse,28,12128
Mouse,28,12207
Mouse,28,12303
Mouse,28,12209
Mouse,28,12249
Mouse,28,12228
Mouse,28,12193
Mouse,28,12143
Mouse,28,12120
Mouse,28,12212
Mouse,28,12158
Mouse,28,12047
Mouse,28,12206
Mouse,28,12107
Mouse,28,12231
Mouse,28,12220
Mouse,28,12226
Mouse,28,12237
Mouse,28,12256
Mouse,28,12252
Mouse,28,12234
Mouse,28,12211
Mouse,28,12077
Mouse,28,12161
Mouse,28,12183
Mouse,28,12122
Mouse,28,12041
Mouse,28,12157
Mouse,28,12147
Mouse,28,10472
Mouse,28,10463
Mouse,28,10468
Mouse,28,10457
Mouse,28,10467
Mouse,28,10462
Mouse,28,10456
Mouse,28,10469
Mouse,28,10453
Mouse,28,10454
Mouse,28,10464
Mouse,28,10474
Mouse,28,10803
Mouse,28,10704
Mouse,28,10499
Mouse,28,10461
Mouse,28,10459
Mouse,28,10452
Mouse,28,10465
Mouse,28,10460
Mouse,28,10466
Mouse,28,10473
Mouse,28,10471
Mouse,28,10705
Mouse,28,10451
Mouse,28,10475
Mouse,28,10470
Mouse,28,10455
Mouse,28,10458
Mouse,28,10550
Mouse,28,13744
Mouse,28,13790
Mouse,28,13745
Mouse,28,13777
Mouse,28,13746
Mouse,28,13760
Mouse,28,13762
Mouse,28,13851
Mouse,28,13850
Mouse,28,13736
Mouse,28,13813
Mouse,28,13795
Mouse,28,13835
Mouse,28,13778
Mouse,28,13802
Mouse,28,13905
Mouse,28,13902
Mouse,28,13763
Mouse,28,13811
Mouse,28,13761
Mouse,28,13797
Mouse,28,13787
Mouse,28,13794
Mouse,28,13904
Mouse,28,13754
Mouse,28,13848
Mouse,28,13748
Mouse,28,13865
Mouse,28,13901
Mouse,28,13903
Mouse,28,13862
Mouse,28,13749
Mouse,28,13833
Mouse,28,13826
Mouse,28,13730
Mouse,28,13803
Mouse,28,13737
Mouse,28,13072
Mouse,28,13052
Mouse,28,13124
Mouse,28,13733
Mouse,28,13863
Mouse,28,13813
Mouse,28,13809
Mouse,28,13746
Mouse,28,13814
Mouse,28,13411
Mouse,28,13844
Mouse,28,13778
Mouse,28,13780
Mouse,28,13843
Mouse,28,13136
Mouse,28,13758
Mouse,28,13833
Mouse,28,13155
Mouse,28,13801
Mouse,28,13040
Mouse,28,13730
Mouse,28,13832
Mouse,28,13830
Mouse,28,13815
Mouse,28,13332
Mouse,28,13841
Mouse,28,13460
Mouse,28,13464
Mouse,28,13485
Mouse,28,13787
Mouse,28,12921
Mouse,28,12924
Mouse,28,12958
Mouse,28,12979
Mouse,28,12962
Mouse,28,12981
Mouse,28,12972
Mouse,28,12955
Mouse,28,12952
Mouse,28,12992
Mouse,28,12901
Mouse,28,12934
Mouse,28,12944
Mouse,28,12919
Mouse,28,12935
Mouse,28,12978
Mouse,28,12912
Mouse,28,12923
Mouse,28,12985
Mouse,28,12918
Mouse,28,12910
Mouse,28,12903
Mouse,28,12929
Mouse,28,12920
Mouse,28,12911
Mouse,28,12933
Mouse,28,12997
Mouse,28,12959
Mouse,28,12165
Mouse,28,12029
Mouse,28,12060
Mouse,28,12024
Mouse,28,12132
Mouse,28,12017
Mouse,28,12037
Mouse,28,12106
Mouse,28,12075
Mouse,28,12130
Mouse,28,12062
Mouse,28,12571
Mouse,28,12534
Mouse,28,12530
Mouse,28,12513
Mouse,28,12503
Mouse,28,12174
Mouse,28,12565
Mouse,28,12523
Mouse,28,12541
Mouse,28,12526
Mouse,28,12195
Mouse,28,12184
Mouse,28,12125
Mouse,28,12502
Mouse,28,12567
Mouse,28,12517
Mouse,28,12136
Mouse,28,12544
Mouse,28,12115
Mouse,28,12521
Mouse,28,12173
Mouse,28,12583
Mouse,28,12516
Mouse,28,12529
Mouse,28,12172
Mouse,28,12168
Mouse,28,12156
Mouse,28,12123
Mouse,28,12546
Mouse,28,12050
Mouse,28,13740
Mouse,28,12421
Mouse,28,12155
Mouse,28,12465
Mouse,28,13755
Mouse,28,13752
Mouse,28,13804
Mouse,28,13757
Mouse,28,13753
Mouse,28,13750
Mouse,28,12459
Mouse,28,13733
Mouse,28,13756
Mouse,28,13820
Mouse,28,13739
Mouse,28,13786
Mouse,28,13751
Mouse,28,13846
Mouse,28,13825
Mouse,28,13839
Mouse,28,13856
Mouse,28,13849
Mouse,28,12430
Mouse,28,13754
Mouse,28,13775
Mouse,28,13806
Mouse,28,12776
Mouse,28,12434
Mouse,28,13783
Mouse,28,12406
Mouse,28,13782
Mouse,28,12167
Mouse,28,12758
Mouse,28,12438
Mouse,28,13838
Mouse,28,13842
Mouse,28,13860
Mouse,28,12455
Mouse,28,12474
Mouse,28,12093
Mouse,28,13731
Mouse,28,13788
Mouse,28,12760
Mouse,28,12468
Mouse,28,13774
Mouse,28,13847
Mouse,28,12572
Mouse,28,12540
Mouse,28,12512
Mouse,28,12522
Mouse,28,12567
Mouse,28,12506
Mouse,28,12508
Mouse,28,12574
Mouse,28,12527
Mouse,28,12578
Mouse,28,12571
Mouse,28,12537
Mouse,28,12545
Mouse,28,12511
Mouse,28,12531
Mouse,28,12533
Mouse,28,12582
Mouse,28,12581
Mouse,28,12580
Mouse,28,12604
Mouse,28,12601
Mouse,28,12594
Mouse,28,12583
Mouse,28,12603
Mouse,28,12546
Mouse,28,12570
Mouse,28,12602
Mouse,28,12504
Mouse,28,12590
Mouse,28,12538
Mouse,28,10516
Mouse,28,12592
Mouse,28,12524
Mouse,28,12510
Mouse,28,12507
Mouse,28,12501
Mouse,28,12585
Mouse,28,12569
Mouse,28,12564
Mouse,28,12514
Mouse,28,12858
Mouse,28,12853
Mouse,28,12851
Mouse,28,12836
Mouse,28,12852
Mouse,28,12961
Mouse,28,12964
Mouse,28,12993
Mouse,28,12960
Mouse,28,12977
Mouse,28,12932
Mouse,28,12975
Mouse,28,12974
Mouse,28,12879
Mouse,28,12942
Mouse,28,12872
Mouse,28,12928
Mouse,28,12987
Mouse,28,12989
Mouse,28,12972
Mouse,28,12912
Mouse,28,12996
Mouse,28,12946
Mouse,28,12997
Mouse,28,12911
Mouse,28,12956
Mouse,28,12944
Mouse,28,12870
Mouse,28,12941
Mouse,28,12936
Mouse,28,12943
Mouse,28,12857
Mouse,28,12855
Mouse,28,12983
Mouse,28,12913
Mouse,28,12998
Mouse,28,12950
Mouse,28,12883
Mouse,28,12912
Mouse,28,12916
Mouse,28,12976
Mouse,28,12926
Mouse,28,12969
Mouse,28,12939
Mouse,28,13683
Mouse,28,12937
Mouse,28,12953
Mouse,28,12920
Mouse,28,12989
Mouse,28,12967
Mouse,28,12945
Mouse,28,12957
Mouse,28,12955
Mouse,28,12995
Mouse,28,12980
Mouse,28,12986
Mouse,28,12913
Mouse,28,12970
Mouse,28,12930
Mouse,28,12983
Mouse,28,13655
Mouse,28,12914
Mouse,28,12915
Mouse,28,12917
Mouse,28,12966
Mouse,28,12095
Mouse,28,12134
Mouse,28,13329
Mouse,28,12025
Mouse,28,13452
Mouse,28,12078
Mouse,28,12068
Mouse,28,12032
Mouse,28,13470
Mouse,28,12086
Mouse,28,12117
Mouse,28,13454
Mouse,28,13339
Mouse,28,12010
Mouse,28,12070
Mouse,28,12176
Mouse,28,12407
Mouse,28,12124
Mouse,28,12413
Mouse,28,12051
Mouse,28,12046
Mouse,28,12042
Mouse,28,12414
Mouse,28,12473
Mouse,28,12485
Mouse,28,12492
Mouse,28,12470
Mouse,28,12460
Mouse,28,12444
Mouse,28,12480
Mouse,28,12463
Mouse,28,12469
Mouse,28,12477
Mouse,28,12454
Mouse,28,12439
Mouse,28,12496
Mouse,28,12495
Mouse,28,12442
Mouse,28,12430
Mouse,28,12431
Mouse,28,12422
Mouse,28,12087
Mouse,28,12143
Mouse,28,12427
Mouse,28,12423
Mouse,28,12482
Mouse,28,12418
Mouse,28,12436
Mouse,28,12405
Mouse,28,12450
Mouse,28,12424
Mouse,28,12015
Mouse,28,12468
Mouse,28,12451
Mouse,28,12452
Mouse,28,12083
Mouse,28,12058
Mouse,28,12192
Mouse,28,12108
Mouse,28,12842
Mouse,28,12139
Mouse,28,12812
Mouse,28,12134
Mouse,28,12164
Mouse,28,13360
Mouse,28,13353
Mouse,28,12864
Mouse,28,13436
Mouse,28,12190
Mouse,28,12847
Mouse,28,13331
Mouse,28,12032
Mouse,28,13340
Mouse,28,13454
Mouse,28,13304
Mouse,28,13431
Mouse,28,13329
Mouse,28,13361
Mouse,28,13406
Mouse,28,13502
Mouse,28,13501
Mouse,28,13438
Mouse,28,13416
Mouse,28,13322
Mouse,28,13365
Mouse,28,13338
Mouse,28,13331
Mouse,28,13420
Mouse,28,13339
Mouse,28,13357
Mouse,28,13472
Mouse,28,13456
Mouse,28,13439
Mouse,28,13470
Mouse,28,13324
Mouse,28,13367
Mouse,28,13407
Mouse,28,13413
Mouse,28,13491
Mouse,28,13350
Mouse,28,13475
Mouse,28,13083
Mouse,28,13661
Mouse,28,13605
Mouse,28,13674
Mouse,28,13643
Mouse,28,13651
Mouse,28,13619
Mouse,28,13659
Mouse,28,13618
Mouse,28,13632
Mouse,28,13602
Mouse,28,13637
Mouse,28,13671
Mouse,28,13607
Mouse,28,13679
Mouse,28,13693
Mouse,28,13675
Mouse,28,13624
Mouse,28,13682
Mouse,28,13691
Mouse,28,13601
Mouse,28,13603
Mouse,28,13615
Mouse,28,13638
Mouse,28,13611
Mouse,28,13631
Mouse,28,13656
Mouse,28,13673
Mouse,28,13634
Mouse,28,13636
Mouse,28,13646
Mouse,28,13641
Mouse,28,13606
Mouse,28,13616
Mouse,28,13608
Mouse,28,13612
Mouse,28,13692
Mouse,28,13640
Mouse,28,13145
Mouse,28,13650
Mouse,28,13685
Mouse,28,13626
Mouse,28,13628
Mouse,28,13622
Mouse,28,13665
Mouse,28,11221
Mouse,28,11220
Mouse,28,11224
Mouse,28,11202
Mouse,28,11212
Mouse,28,11218
Mouse,28,11225
Mouse,28,11207
Mouse,28,11216
Mouse,28,11217
Mouse,28,11208
Mouse,28,11230
Mouse,28,11223
Mouse,28,11215
Mouse,28,11203
Mouse,28,11219
Mouse,28,11235
Mouse,28,11243
Mouse,28,11239
Mouse,28,11234
Mouse,28,11249
Mouse,28,11231
Mouse,28,11252
Mouse,28,11233
Mouse,28,11238
Mouse,28,11236
Mouse,28,11210
Mouse,28,11205
Mouse,28,11213
Mouse,28,11209
Mouse,28,11228
Mouse,28,11232
Mouse,28,11222
Mouse,28,11251
Mouse,28,11204
Mouse,28,11241
Mouse,28,11206
Mouse,28,11237
Mouse,28,11201
Mouse,28,11245
Mouse,28,11226
Mouse,28,11693
Mouse,28,11211
Mouse,28,11214
Mouse,28,11229
Mouse,28,11256
Mouse,28,11247
Mouse,28,11242
Mouse,28,13437
Mouse,28,13305
Mouse,28,13489
Mouse,28,13345
Mouse,28,13367
Mouse,28,13433
Mouse,28,13619
Mouse,28,13325
Mouse,28,13620
Mouse,28,13309
Mouse,28,13665
Mouse,28,13682
Mouse,28,13343
Mouse,28,13312
Mouse,28,13626
Mouse,28,13473
Mouse,28,13627
Mouse,28,13404
Mouse,28,13648
Mouse,28,13316
Mouse,28,13368
Mouse,28,13327
Mouse,28,13471
Mouse,28,13460
Mouse,28,13425
Mouse,28,13402
Mouse,28,13061
Mouse,28,13104
Mouse,28,13082
Mouse,28,13409
Mouse,28,13122
Mouse,28,13421
Mouse,28,13491
Mouse,28,13364
Mouse,28,13334
Mouse,28,13480
Mouse,28,13163
Mouse,28,13484
Mouse,28,13310
Mouse,28,13030
Mouse,28,13072
Mouse,28,13032
Mouse,28,13037
Mouse,28,13314
Mouse,28,13485
Mouse,28,13477
Mouse,28,13355
Mouse,28,13408
Mouse,28,13332
Mouse,28,13418
Mouse,28,13043
Mouse,28,13035
Mouse,28,13465
Mouse,28,13134
Mouse,28,13346
Mouse,28,12068
Mouse,28,12069
Mouse,28,12016
Mouse,28,13339
Mouse,28,12070
Mouse,28,13410
Mouse,28,12160
Mouse,28,13452
Mouse,28,13317
Mouse,28,12095
Mouse,28,12137
Mouse,28,12086
Mouse,28,12177
Mouse,28,12072
Mouse,28,13459
Mouse,28,13320
Mouse,28,12166
Mouse,28,13428
Mouse,28,12066
Mouse,28,12010
Mouse,28,11023
Mouse,28,11096
Mouse,28,11030
Mouse,28,11022
Mouse,28,11024
Mouse,28,11052
Mouse,28,11001
Mouse,28,11010
Mouse,28,11053
Mouse,28,11003
Mouse,28,11042
Mouse,28,11002
Mouse,28,11561
Mouse,28,11575
Mouse,28,11514
Mouse,28,11518
Mouse,28,11547
Mouse,28,11542
Mouse,28,11535
Mouse,28,11536
Mouse,28,11520
Mouse,28,11568
Mouse,28,11558
Mouse,28,11557
Mouse,28,11545
Mouse,28,11516
Mouse,28,11570
Mouse,28,11510
Mouse,28,11551
Mouse,28,11560
Mouse,28,11531
Mouse,28,11596
Mouse,28,11709
Mouse,28,11576
Mouse,28,11762
Mouse,28,11756
Mouse,28,11797
Mouse,28,11598
Mouse,28,11710
Mouse,28,11594
Mouse,28,11582
Mouse,28,11801
Mouse,28,11714
Mouse,28,11743
Mouse,28,11724
Mouse,28,11580
Mouse,28,11791
Mouse,28,11581
Mouse,28,11595
Mouse,28,11735
Mouse,28,11854
Mouse,28,11855
Mouse,28,11803
Mouse,28,11050
Mouse,28,11753
Mouse,28,11565
Mouse,28,11055
Mouse,28,11020
Mouse,28,11549
Mouse,28,11051
Mouse,28,11592
Mouse,28,11771
Mouse,28,11802
Mouse,28,11569
Mouse,28,11040
Mouse,28,11548
Mouse,28,11553
Mouse,28,11577
Mouse,28,11509
Mouse,28,11571
Mouse,28,11599
Mouse,28,11758
Mouse,28,11815
Mouse,28,11804
Mouse,28,11556
Mouse,28,11021
Mouse,28,11732
Mouse,28,11793
Mouse,28,11783
Mouse,28,11566
Mouse,28,11041
Mouse,28,11559
Mouse,28,11054
Mouse,28,11702
Mouse,28,11555
Mouse,28,11552
Mouse,28,11774
Mouse,28,11563
Mouse,28,11501
Mouse,28,11550
Mouse,28,11597
Mouse,28,11773
Mouse,28,11579
Mouse,28,11507
Mouse,28,11736
Mouse,28,11765
Mouse,28,11701
Mouse,28,11554
Mouse,28,11590
Mouse,28,11572
Mouse,28,11530
Mouse,28,10024
Mouse,28,10016
Mouse,28,10014
Mouse,28,10026
Mouse,28,10027
Mouse,28,10004
Mouse,28,10023
Mouse,28,10020
Mouse,28,10022
Mouse,28,10017
Mouse,28,10006
Mouse,28,10019
Mouse,28,10029
Mouse,28,10007
Mouse,28,10009
Mouse,28,10010
Mouse,28,10011
Mouse,28,10045
Mouse,28,10072
Mouse,28,10038
Mouse,28,10082
Mouse,28,10080
Mouse,28,10035
Mouse,28,10106
Mouse,28,10065
Mouse,28,10112
Mouse,28,10110
Mouse,28,10087
Mouse,28,10044
Mouse,28,10055
Mouse,28,10034
Mouse,28,10048
Mouse,28,10069
Mouse,28,10105
Mouse,28,10156
Mouse,28,10163
Mouse,28,10121
Mouse,28,10160
Mouse,28,10122
Mouse,28,10154
Mouse,28,10157
Mouse,28,10166
Mouse,28,10133
Mouse,28,10128
Mouse,28,10153
Mouse,28,10124
Mouse,28,10149
Mouse,28,10132
Mouse,28,10164
Mouse,28,10119
Mouse,28,10118
Mouse,28,10151
Mouse,28,10165
Mouse,28,10271
Mouse,28,10169
Mouse,28,10279
Mouse,28,10172
Mouse,28,10177
Mouse,28,10174
Mouse,28,10270
Mouse,28,10176
Mouse,28,10259
Mouse,28,10276
Mouse,28,10277
Mouse,28,10256
Mouse,28,10171
Mouse,28,10179
Mouse,28,10249
Mouse,28,10268
Mouse,28,10272
Mouse,28,10260
Mouse,28,10213
Mouse,28,10280
Mouse,28,10286
Mouse,28,10463
Mouse,28,10281
Mouse,28,10282
Mouse,28,10039
Mouse,28,10170
Mouse,28,10025
Mouse,28,10043
Mouse,28,10108
Mouse,28,10032
Mouse,28,10261
Mouse,28,10036
Mouse,28,10003
Mouse,28,10274
Mouse,28,10013
Mouse,28,10126
Mouse,28,10030
Mouse,28,10047
Mouse,28,10012
Mouse,28,10116
Mouse,28,10265
Mouse,28,10028
Mouse,28,10041
Mouse,28,10123
Mouse,28,10273
Mouse,28,10197
Mouse,28,10278
Mouse,28,10001
Mouse,28,10125
Mouse,28,10040
Mouse,28,10129
Mouse,28,10138
Mouse,28,10155
Mouse,28,10018
Mouse,28,10275
Mouse,28,10130
Mouse,28,10033
Mouse,28,10152
Mouse,28,10114
Mouse,28,10242
Mouse,28,10158
Mouse,28,10081
Mouse,28,10168
Mouse,28,10175
Mouse,28,10021
Mouse,28,10167
Mouse,28,10031
Mouse,28,10104
Mouse,28,10109
Mouse,28,10185
Mouse,28,11201
Mouse,28,10161
Mouse,28,10199
Mouse,28,10005
Mouse,28,10150
Mouse,28,10102
Mouse,28,10269
Mouse,28,10178
Mouse,28,10008
Mouse,28,10115
Mouse,28,10173
Mouse,28,10002
Mouse,28,10285
Mouse,28,10111
Mouse,28,10113
Mouse,28,10103
Mouse,28,10107
Mouse,28,10037
Mouse,28,10292
Mouse,28,10075
Mouse,28,10101
Mouse,28,10162
Mouse,28,10117
Mouse,28,10131
Mouse,28,10159
Mouse,28,10120
Mouse,28,13042
Mouse,28,13409
Mouse,28,13319
Mouse,28,13424
Mouse,28,13363
Mouse,28,13442
Mouse,28,13401
Mouse,28,13338
Mouse,28,13321
Mouse,28,13304
Mouse,28,13440
Mouse,28,13354
Mouse,28,13318
Mouse,28,13417
Mouse,28,13456
Mouse,28,13502
Mouse,28,13503
Mouse,28,13486
Mouse,28,13492
Mouse,28,13480
Mouse,28,13494
Mouse,28,13490
Mouse,28,13471
Mouse,28,13469
Mouse,28,13479
Mouse,28,13431
Mouse,28,13323
Mouse,28,13438
Mouse,28,13413
Mouse,28,13505
Mouse,28,13340
Mouse,28,13054
Mouse,28,13313
Mouse,28,13402
Mouse,28,13328
Mouse,28,13322
Mouse,28,13476
Mouse,28,13123
Mouse,28,13501
Mouse,28,13162
Mouse,28,13341
Mouse,28,13308
Mouse,28,13599
Mouse,28,13477
Mouse,28,13483
Mouse,28,13425
Mouse,28,13461
Mouse,28,13478
Mouse,28,13495
Mouse,28,13504
Mouse,28,13421
Mouse,28,13435
Mouse,28,13309
Mouse,28,13362
Mouse,28,13157
Mouse,28,13352
Mouse,28,13441
Mouse,28,13316
Mouse,28,13301
Mouse,28,13303
Mouse,28,13403
Mouse,28,13032
Mouse,28,13455
Mouse,28,10922
Mouse,28,10958
Mouse,28,10919
Mouse,28,10930
Mouse,28,10963
Mouse,28,10943
Mouse,28,10910
Mouse,28,10925
Mouse,28,10918
Mouse,28,10953
Mouse,28,10959
Mouse,28,10933
Mouse,28,10940
Mouse,28,10928
Mouse,28,10932
Mouse,28,10990
Mouse,28,12780
Mouse,28,12518
Mouse,28,10998
Mouse,28,12552
Mouse,28,12553
Mouse,28,12520
Mouse,28,12549
Mouse,28,12771
Mouse,28,12584
Mouse,28,12721
Mouse,28,10973
Mouse,28,10987
Mouse,28,10981
Mouse,28,12555
Mouse,28,12746
Mouse,28,12586
Mouse,28,10988
Mouse,28,10969
Mouse,28,12589
Mouse,28,12575
Mouse,28,10921
Mouse,28,10992
Mouse,28,10996
Mouse,28,12729
Mouse,28,10912
Mouse,28,12577
Mouse,28,10916
Mouse,28,10917
Mouse,28,10950
Mouse,28,12542
Mouse,28,12543
Mouse,28,10914
Mouse,28,12566
Mouse,28,10949
Mouse,28,12551
Mouse,28,12550
Mouse,28,10915
Mouse,28,10979
Mouse,28,10975
Mouse,28,10941
Mouse,28,10926
Mouse,28,10924
Mouse,28,10974
Mouse,28,12785
Mouse,28,10985
Mouse,28,10997
Mouse,28,13145
Mouse,28,13131
Mouse,28,13115
Mouse,28,13135
Mouse,28,13132
Mouse,28,13107
Mouse,28,13076
Mouse,28,13044
Mouse,28,13036
Mouse,28,13083
Mouse,28,13074
Mouse,28,13661
Mouse,28,13167
Mouse,28,13302
Mouse,28,13111
Mouse,28,13144
Mouse,28,13121
Mouse,28,13126
Mouse,28,13483
Mouse,28,13103
Mouse,28,13069
Mouse,28,13114
Mouse,28,13042
Mouse,28,13316
Mouse,28,13426
Mouse,28,13493
Mouse,28,13437
Mouse,28,13142
Mouse,28,13093
Mouse,28,13028
Mouse,28,13348
Mouse,28,13315
Mouse,28,13482
Mouse,28,13333
Mouse,28,12064
Mouse,28,13342
Mouse,28,12116
Mouse,28,13335
Mouse,28,13747
Mouse,28,12149
Mouse,28,13457
Mouse,28,13468
Mouse,28,13488
Mouse,28,13415
Mouse,28,12036
Mouse,28,13776
Mouse,28,13859
Mouse,28,13796
Mouse,28,13820
Mouse,28,13808
Mouse,28,13810
Mouse,28,13861
Mouse,28,13809
Mouse,28,13843
Mouse,28,13450
Mouse,28,13491
Mouse,28,13317
Mouse,28,13326
Mouse,28,13485
Mouse,28,13834
Mouse,28,13825
Mouse,28,13320
Mouse,28,12043
Mouse,28,13337
Mouse,28,13838
Mouse,28,13750
Mouse,28,12155
Mouse,28,12197
Mouse,28,13849
Mouse,28,13733
Mouse,28,13361
Mouse,28,13807
Mouse,28,13439
Mouse,28,13411
Mouse,28,10537
Mouse,28,10524
Mouse,28,10542
Mouse,28,10512
Mouse,28,10516
Mouse,28,12524
Mouse,28,12582
Mouse,28,10541
Mouse,28,10509
Mouse,28,12533
Mouse,28,12531
Mouse,28,12564
Mouse,28,10560
Mouse,28,10579
Mouse,28,12563
Mouse,28,11102
Mouse,28,11004
Mouse,28,11040
Mouse,28,11354
Mouse,28,11239
Mouse,28,11358
Mouse,28,11360
Mouse,28,11364
Mouse,28,11380
Mouse,28,11386
Mouse,28,11106
Mouse,28,11351
Mouse,28,11355
Mouse,28,11363
Mouse,28,11366
Mouse,28,11356
Mouse,28,11385
Mouse,28,11373
Mouse,28,11359
Mouse,28,11377
Mouse,28,11370
Mouse,28,11371
Mouse,28,11421
Mouse,28,11425
Mouse,28,11432
Mouse,28,11411
Mouse,28,11690
Mouse,28,11424
Mouse,28,11417
Mouse,28,11434
Mouse,28,11430
Mouse,28,11427
Mouse,28,11439
Mouse,28,11692
Mouse,28,11431
Mouse,28,11426
Mouse,28,11694
Mouse,28,11580
Mouse,28,11416
Mouse,28,11697
Mouse,28,11436
Mouse,28,11412
Mouse,28,11005
Mouse,28,11101
Mouse,28,11422
Mouse,28,11361
Mouse,28,11418
Mouse,28,11429
Mouse,28,11104
Mouse,28,11691
Mouse,28,11375
Mouse,28,11499
Mouse,28,11381
Mouse,28,11693
Mouse,28,11105
Mouse,28,11372
Mouse,28,11374
Mouse,28,11414
Mouse,28,11559
Mouse,28,11109
Mouse,28,11379
Mouse,28,11695
Mouse,28,11413
Mouse,28,11096
Mouse,28,11368
Mouse,28,11362
Mouse,28,11405
Mouse,28,11415
Mouse,28,11367
Mouse,28,11369
Mouse,28,11433
Mouse,28,11352
Mouse,28,11103
Mouse,28,11378
Mouse,28,11419
Mouse,28,11001
Mouse,28,11435
Mouse,28,11423
Mouse,28,11420
Mouse,28,11357
Mouse,28,11365
Mouse,28,11428
Mouse,28,11451
Mouse,28,12118
Mouse,28,12133
Mouse,28,12184
Mouse,28,12052
Mouse,28,12121
Mouse,28,12198
Mouse,28,12196
Mouse,28,12123
Mouse,28,12168
Mouse,28,12063
Mouse,28,12089
Mouse,28,12028
Mouse,28,12018
Mouse,28,12022
Mouse,28,12154
Mouse,28,12156
Mouse,28,12094
Mouse,28,12140
Mouse,28,12144
Mouse,28,12057
Mouse,28,12082
Mouse,28,12180
Mouse,28,12181
Mouse,28,12169
Mouse,28,12033
Mouse,28,12182
Mouse,28,12062
Mouse,28,12061
Mouse,28,12153
Mouse,28,12185
Mouse,28,12090
Mouse,28,12040
Mouse,28,12138
Mouse,28,10302
Mouse,28,10306
Mouse,28,10305
Mouse,28,10314
Mouse,28,10304
Mouse,28,10313
Mouse,28,10311
Mouse,28,10301
Mouse,28,10310
Mouse,28,10307
Mouse,28,10308
Mouse,28,10312
Mouse,28,10309
Mouse,28,10303
Mouse,28,10976
Mouse,28,10964
Mouse,28,10901
Mouse,28,10920
Mouse,28,10977
Mouse,28,10927
Mouse,28,10982
Mouse,28,10974
Mouse,28,10952
Mouse,28,10931
Mouse,28,10954
Mouse,28,10968
Mouse,28,10980
Mouse,28,10987
Mouse,28,10989
Mouse,28,10994
Mouse,28,10965
Mouse,28,10911
Mouse,28,10970
Mouse,28,10983
Mouse,28,10913
Mouse,28,10956
Mouse,28,10986
Mouse,28,10923
Mouse,28,10960
Mouse,28,10962
Mouse,28,10984
Mouse,28,10993
Mouse,28,12822
Mouse,28,12302
Mouse,28,12884
Mouse,28,12835
Mouse,28,12148
Mouse,28,12831
Mouse,28,12863
Mouse,28,12828
Mouse,28,12019
Mouse,28,12025
Mouse,28,12850
Mouse,28,12074
Mouse,28,12065
Mouse,28,12010
Mouse,28,12170
Mouse,28,12118
Mouse,28,12134
Mouse,28,12859
Mouse,28,12833
Mouse,28,12151
Mouse,28,12803
Mouse,28,12866
Mouse,28,12188
Mouse,28,12086
Mouse,28,12871
Mouse,28,12020
Mouse,28,12027
Mouse,28,12009
Mouse,28,12019
Mouse,28,12027
Mouse,28,12157
Mouse,28,12302
Mouse,28,12308
Mouse,28,12301
Mouse,28,12056
Mouse,28,12137
Mouse,28,12345
Mouse,28,12305
Mouse,28,12141
Mouse,28,12303
Mouse,28,12150
Mouse,28,12325
Mouse,28,12304
Mouse,28,12306
Mouse,28,12008
Mouse,28,12307
Mouse,28,12309
Mouse,28,12053
Mouse,28,12066
Mouse,28,12031
Mouse,28,12066
Mouse,28,12131
Mouse,28,12036
Mouse,28,12023
Mouse,28,12064
Mouse,28,12035
Mouse,28,12053
Mouse,28,12073
Mouse,28,12157
Mouse,28,12092
Mouse,28,13459
Mouse,28,12167
Mouse,28,12187
Mouse,28,12469
Mouse,28,12194
Mouse,28,12093
Mouse,28,12076
Mouse,28,12071
Mouse,28,12122
Mouse,28,13320
Mouse,28,12175
Mouse,28,12166
Mouse,28,12160
Mouse,28,12043
Mouse,28,12149
Mouse,28,13617
Mouse,28,13639
Mouse,28,13623
Mouse,28,13642
Mouse,28,12927
Mouse,28,13630
Mouse,28,12980
Mouse,28,12949
Mouse,28,12922
Mouse,28,12930
Mouse,28,13635
Mouse,28,13633
Mouse,28,13647
Mouse,28,12967
Mouse,28,13608
Mouse,28,12914
Mouse,28,13679
Mouse,28,13680
Mouse,28,13662
Mouse,28,13694
Mouse,28,13696
Mouse,28,13684
Mouse,28,13669
Mouse,28,13681
Mouse,28,13658
Mouse,28,13666
Mouse,28,13672
Mouse,28,13667
Mouse,28,13677
Mouse,28,13687
Mouse,28,13664
Mouse,28,13668
Mouse,28,13699
Mouse,28,12965
Mouse,28,13690
Mouse,28,13660
Mouse,28,13648
Mouse,28,12957
Mouse,28,13670
Mouse,28,13676
Mouse,28,13652
Mouse,28,13614
Mouse,28,13625
Mouse,28,13646
Mouse,28,13613
Mouse,28,13697
Mouse,28,13678
Mouse,28,12986
Mouse,28,13621
Mouse,28,13654
Mouse,28,13649
Mouse,28,13645
Mouse,28,12973
Mouse,28,13695
Mouse,28,11701
Mouse,28,00544
Mouse,28,00501
Mouse,28,06390
Mouse,28,11737
Mouse,28,11719
Mouse,28,11717
Mouse,28,11705
Mouse,28,11715
Mouse,28,11707
Mouse,28,11730
Mouse,28,11731
Mouse,28,11739
Mouse,28,11704
Mouse,28,11725
Mouse,28,11706
Mouse,28,11716
Mouse,28,11740
Mouse,28,11751
Mouse,28,11750
Mouse,28,11735
Mouse,28,11738
Mouse,28,11741
Mouse,28,11729
Mouse,28,11776
Mouse,28,11767
Mouse,28,11763
Mouse,28,11770
Mouse,28,11784
Mouse,28,11794
Mouse,28,11796
Mouse,28,11777
Mouse,28,11792
Mouse,28,11758
Mouse,28,11787
Mouse,28,11930
Mouse,28,11757
Mouse,28,11933
Mouse,28,11755
Mouse,28,11780
Mouse,28,11788
Mouse,28,11775
Mouse,28,11778
Mouse,28,11766
Mouse,28,11952
Mouse,28,11968
Mouse,28,11949
Mouse,28,11976
Mouse,28,11975
Mouse,28,11960
Mouse,28,11948
Mouse,28,11946
Mouse,28,11969
Mouse,28,11955
Mouse,28,11947
Mouse,28,11941
Mouse,28,11959
Mouse,28,11972
Mouse,28,11962
Mouse,28,11963
Mouse,28,11961
Mouse,28,11958
Mouse,28,11980
Mouse,28,11971
Mouse,28,11768
Mouse,28,11964
Mouse,28,11721
Mouse,28,11935
Mouse,28,11749
Mouse,28,11977
Mouse,28,11782
Mouse,28,11901
Mouse,28,11733
Mouse,28,11950
Mouse,28,11742
Mouse,28,11703
Mouse,28,11957
Mouse,28,11713
Mouse,28,11944
Mouse,28,11954
Mouse,28,11939
Mouse,28,11722
Mouse,28,11931
Mouse,28,11932
Mouse,28,11956
Mouse,28,11718
Mouse,28,11790
Mouse,28,11708
Mouse,28,11978
Mouse,28,11726
Mouse,28,11720
Mouse,28,11769
Mouse,28,11795
Mouse,28,11789
Mouse,28,11953
Mouse,28,11786
Mouse,28,11754
Mouse,28,11973
Mouse,28,11764
Mouse,28,11743
Mouse,28,11934
Mouse,28,11798
Mouse,28,11951
Mouse,28,11702
Mouse,28,11752
Mouse,28,11724
Mouse,28,11747
Mouse,28,11746
Mouse,28,11772
Mouse,28,11727
Mouse,28,11779
Mouse,28,11970
Mouse,28,11942
Mouse,28,11940
Mouse,28,11937
Mouse,28,11967
Mouse,28,11760
Mouse,28,11965
Mouse,28,12722
Mouse,28,12747
Mouse,28,12741
Mouse,28,12740
Mouse,28,12726
Mouse,28,12751
Mouse,28,12738
Mouse,28,12719
Mouse,28,12701
Mouse,28,12566
Mouse,28,12732
Mouse,28,12758
Mouse,28,12752
Mouse,28,12759
Mouse,28,12720
Mouse,28,12724
Mouse,28,12737
Mouse,28,12748
Mouse,28,12745
Mouse,28,12729
Mouse,28,12765
Mouse,28,12778
Mouse,28,12770
Mouse,28,12763
Mouse,28,12768
Mouse,28,12784
Mouse,28,12786
Mouse,28,12792
Mouse,28,12780
Mouse,28,12779
Mouse,28,12769
Mouse,28,12762
Mouse,28,12783
Mouse,28,12766
Mouse,28,12776
Mouse,28,12754
Mouse,28,12775
Mouse,28,10940
Mouse,28,12743
Mouse,28,12790
Mouse,28,12734
Mouse,28,12428
Mouse,28,12760
Mouse,28,12791
Mouse,28,12749
Mouse,28,12781
Mouse,28,12742
Mouse,28,12767
Mouse,28,12764
Mouse,28,12725
Mouse,28,12736
Mouse,28,12777
Mouse,28,12727
Mouse,28,12789
Mouse,28,12721
Mouse,28,12788
Mouse,28,12458
Mouse,28,12723
Mouse,28,12733
Mouse,28,12750
Mouse,28,12787
Mouse,28,12414
Mouse,28,12419
Mouse,28,12402
Mouse,28,12410
Mouse,28,12409
Mouse,28,12475
Mouse,28,12491
Mouse,28,12481
Mouse,28,12489
Mouse,28,12443
Mouse,28,12463
Mouse,28,12480
Mouse,28,12483
Mouse,28,12429
Mouse,28,12435
Mouse,28,12441
Mouse,28,12494
Mouse,28,12420
Mouse,28,12472
Mouse,28,12428
Mouse,28,12471
Mouse,28,12461
Mouse,28,12448
Mouse,28,12432
Mouse,28,12433
Mouse,28,12490
Mouse,28,12487
Mouse,28,12566
Mouse,28,12548
Mouse,28,12758
Mouse,28,12740
Mouse,28,12547
Mouse,28,12725
Mouse,28,12498
Mouse,28,12561
Mouse,28,12477
Mouse,28,12453
Mouse,28,12515
Mouse,28,12465
Mouse,28,12486
Mouse,28,12401
Mouse,28,12589
Mouse,28,12446
Mouse,28,12404
Mouse,28,12586
Mouse,28,12412
Mouse,28,12525
Mouse,28,12763
Mouse,28,12466
Mouse,28,12406
Mouse,28,12416
Mouse,28,12588
Mouse,28,12458
Mouse,28,12456
Mouse,28,12411
Mouse,28,12542
Mouse,28,12493
Mouse,28,12449
Mouse,28,12457
Mouse,28,12484
Mouse,28,12464
Mouse,28,12495
Mouse,28,12440
Mouse,28,12568
Mouse,28,12417
Mouse,28,12528
Mouse,28,12810
Mouse,28,12808
Mouse,28,12811
Mouse,28,12839
Mouse,28,12845
Mouse,28,12835
Mouse,28,12814
Mouse,28,12815
Mouse,28,12804
Mouse,28,12846
Mouse,28,12836
Mouse,28,12844
Mouse,28,12857
Mouse,28,12843
Mouse,28,12874
Mouse,28,12878
Mouse,28,12860
Mouse,28,12862
Mouse,28,12817
Mouse,28,12853
Mouse,28,12856
Mouse,28,12820
Mouse,28,12824
Mouse,28,12801
Mouse,28,12870
Mouse,28,12885
Mouse,28,12886
Mouse,28,12819
Mouse,28,12816
Mouse,28,12804
Mouse,28,12887
Mouse,28,12828
Mouse,28,12185
Mouse,28,12057
Mouse,28,12827
Mouse,28,12823
Mouse,28,12848
Mouse,28,12841
Mouse,28,12844
Mouse,28,12837
Mouse,28,12821
Mouse,28,12839
Mouse,28,12834
Mouse,28,12861
Mouse,28,12838
Mouse,28,12854
Mouse,28,12154
Mouse,28,12865
Mouse,28,12873
Mouse,28,12849
Mouse,28,12028
Mouse,28,12883
Mouse,28,12809
Mouse,28,12832
Mouse,28,10501
Mouse,28,10503
Mouse,28,10507
Mouse,28,10506
Mouse,28,10470
Mouse,28,10560
Mouse,28,10558
Mouse,28,10535
Mouse,28,10511
Mouse,28,10557
Mouse,28,10549
Mouse,28,10546
Mouse,28,10514
Mouse,28,10519
Mouse,28,10518
Mouse,28,10548
Mouse,28,10536
Mouse,28,10523
Mouse,28,10530
Mouse,28,10528
Mouse,28,10527
Mouse,28,10540
Mouse,28,10551
Mouse,28,10532
Mouse,28,10538
Mouse,28,10703
Mouse,28,10598
Mouse,28,10578
Mouse,28,10583
Mouse,28,10601
Mouse,28,10590
Mouse,28,10704
Mouse,28,10597
Mouse,28,10570
Mouse,28,10566
Mouse,28,10588
Mouse,28,10702
Mouse,28,10596
Mouse,28,10587
Mouse,28,10591
Mouse,28,10605
Mouse,28,10606
Mouse,28,10705
Mouse,28,10709
Mouse,28,10708
Mouse,28,10803
Mouse,28,10804
Mouse,28,10710
Mouse,28,10505
Mouse,28,10589
Mouse,28,10595
Mouse,28,10547
Mouse,28,10533
Mouse,28,10520
Mouse,28,10550
Mouse,28,10522
Mouse,28,10510
Mouse,28,10706
Mouse,28,10552
Mouse,28,10576
Mouse,28,10543
Mouse,28,10553
Mouse,28,10517
Mouse,28,10707
Mouse,28,10802
Mouse,28,10604
Mouse,28,10602
Mouse,28,10579
Mouse,28,10521
Mouse,28,10607
Mouse,28,10524
Mouse,28,10610
Mouse,28,10537
Mouse,28,10594
Mouse,28,10545
Mouse,28,10541
Mouse,28,10801
Mouse,28,10526
Mouse,28,10572
Mouse,28,10502
Mouse,28,10509
Mouse,28,10603
Mouse,28,10577
Mouse,28,10573
Mouse,28,10805
Mouse,28,10504
Mouse,28,10571
Mouse,28,10701
Mouse,28,10567
Mouse,28,10562
Mouse,28,10580